"2017-01-05 08:42:14","exception 'Exception' with message 'Fausse alerte !' in C:\wamp64\www\blog\index.php:8
Stack trace:
#0 {main}"
"2017-01-05 08:42:39","exception 'Exception' with message 'Fausse alerte !' in C:\wamp64\www\blog\index.php:8
Stack trace:
#0 {main}"
"2017-01-05 08:42:46","exception 'Exception' with message 'Fausse alerte !' in C:\wamp64\www\blog\index.php:8
Stack trace:
#0 {main}"
"2017-01-05 08:57:36","exception 'Exception' with message 'Fausse alerte !' in C:\wamp64\www\blog\index.php:8
Stack trace:
#0 {main}"
"2017-01-05 09:02:25","exception 'Exception' with message 'Fausse alerte !' in C:\wamp64\www\blog\index.php:8
Stack trace:
#0 {main}"
"2017-01-05 09:04:08","exception 'Exception' with message 'Fausse alerte !' in C:\wamp64\www\blog\index.php:8
Stack trace:
#0 {main}"
"2017-01-05 10:37:19","Unable to complete the inscription :("
"2017-01-05 10:37:20","Unable to complete the inscription :("
"2017-01-05 10:38:00","Unable to complete the inscription :("
"2017-01-05 10:52:52","Unable to complete the inscription :("
"2017-01-05 11:00:10","Unable to complete the inscription :("
"2017-01-05 11:01:27","Unable to complete the inscription :("
"2017-01-05 11:02:07","Unable to complete the inscription :("
"2017-01-05 01:32:02","Unable to complete the inscription :("
"2017-01-05 01:33:01","Unable to complete the inscription :("
"2017-01-05 01:34:25","Unable to complete the inscription :("
"2017-01-05 01:35:15","Unable to complete the inscription :("
"2017-01-05 01:37:56","Unable to complete the inscription :("
"2017-01-05 01:38:04","Unable to complete the inscription :("
"2017-01-05 01:38:17","Unable to complete the inscription :("
"2017-01-05 01:38:21","Unable to complete the inscription :("
"2017-01-05 01:38:21","Unable to complete the inscription :("
"2017-01-05 01:38:22","Unable to complete the inscription :("
"2017-01-05 01:38:22","Unable to complete the inscription :("
"2017-01-05 01:38:45","Unable to complete the inscription :("
"2017-01-05 01:38:47","Unable to complete the inscription :("
"2017-01-05 01:41:33","Unable to complete the inscription :("
"2017-01-05 01:44:04","Unable to complete the inscription :("
"2017-01-05 01:44:32","Unable to complete the inscription :("
"2017-01-05 01:45:04","Unable to complete the inscription :("
"2017-01-05 01:45:19","Unable to complete the inscription :("
"2017-01-05 01:45:22","Unable to complete the inscription :("
"2017-01-05 01:51:18","Unable to complete the inscription :("
"2017-01-05 01:51:19","Unable to complete the inscription :("
"2017-01-05 01:51:20","Unable to complete the inscription :("
"2017-01-05 01:51:21","Unable to complete the inscription :("
"2017-01-05 01:51:54","Unable to complete the inscription :("
"2017-01-05 01:53:20","Unable to complete the inscription :("
"2017-01-05 01:53:21","Unable to complete the inscription :("
"2017-01-05 01:53:37","Unable to complete the inscription :("
"2017-01-05 01:59:28","Unable to complete the inscription :("
"2017-01-05 01:59:29","Unable to complete the inscription :("
"2017-01-05 01:59:46","Unable to complete the inscription :("
"2017-01-05 02:09:23","Unable to complete the inscription :("
"2017-01-05 02:09:25","Unable to complete the inscription :("
"2017-01-05 02:09:43","Unable to complete the inscription :("
"2017-01-05 02:10:24","Unable to complete the inscription :("
"2017-01-05 02:10:25","Unable to complete the inscription :("
"2017-01-05 02:10:26","Unable to complete the inscription :("
"2017-01-05 02:10:27","Unable to complete the inscription :("
"2017-01-05 02:10:27","Unable to complete the inscription :("
"2017-01-05 02:10:28","Unable to complete the inscription :("
"2017-01-05 02:10:33","Unable to complete the inscription :("
"2017-01-05 02:27:59","Unable to complete the inscription :("
"2017-01-05 02:28:22","Unable to complete the inscription :("
"2017-01-05 02:28:56","Unable to complete the inscription :("
"2017-01-05 02:29:34","Unable to complete the inscription :("
"2017-01-05 02:30:57","Unable to complete the inscription :("
"2017-01-05 02:31:33","Unable to complete the inscription :("
